{
    "products": [
                 {
                 "id": "e75e3b7e-5118-4d05-b050-f101140b111f",
                 "name": "synth",
                 "price": 97.96,
                 "description": "Ergonomic Steel Bag",
                 "imageURL": "http://rubberduck.it/ASAPImages/athletic-884132_640.jpg"
                 },
                 {
                 "id": "4f660729-123e-48c4-b23e-3034afc3abbc",
                 "name": "normcore",
                 "price": 4.58,
                 "description": "Incredible Concrete Computer",
                 "imageURL": "http://rubberduck.it/ASAPImages/baby-shoes-974856_640.jpg"
                 },
                 {
                 "id": "77e7450f-62b3-4cfa-89d5-625d3e90cb5f",
                 "name": "brooklyn",
                 "price": 93.52,
                 "description": "Enormous Plastic Shoes",
                 "imageURL": "http://rubberduck.it/ASAPImages/belt-498604_640.jpg"
                 },
                 {
                 "id": "65d23663-8b36-470e-99e7-3e30fa3ddc8b",
                 "name": "chartreuse",
                 "price": 75.76,
                 "description": "Sleek Silk Bench",
                 "imageURL": "http://rubberduck.it/ASAPImages/boot-250012_640.jpg"
                 },
                 {
                 "id": "a52176ca-55c7-4a0e-baa8-eb8bd02cbcc2",
                 "name": "bitters",
                 "price": 26.06,
                 "description": "Fantastic Cotton Shirt",
                 "imageURL": "http://rubberduck.it/ASAPImages/boot-947896_640.jpg"
                 },
                 {
                 "id": "3061849f-fd90-43d9-92d8-89a815183328",
                 "name": "loko",
                 "price": 26.71,
                 "description": "Practical Bronze Bag",
                 "imageURL": "http://rubberduck.it/ASAPImages/boots-506830_640.jpg"
                 },
                 {
                 "id": "e2803f63-8275-4f46-985d-4be43b556fff",
                 "name": "leggings",
                 "price": 48.83,
                 "description": "Sleek Concrete Gloves",
                 "imageURL": "http://rubberduck.it/ASAPImages/businessman-676357_640.jpg"
                 },
                 {
                 "id": "ed52ca38-ea4e-465e-adef-599e38a4c182",
                 "name": "hoodie",
                 "price": 89.77,
                 "description": "Practical Concrete Car",
                 "imageURL": "http://rubberduck.it/ASAPImages/businessman-676362_640.jpg"
                 },
                 {
                 "id": "59035232-b864-4e22-9784-072dd2083a46",
                 "name": "mlkshk",
                 "price": 71.53,
                 "description": "Fantastic Concrete Gloves",
                 "imageURL": "http://rubberduck.it/ASAPImages/chucks-153310_640.png"
                 },
                 {
                 "id": "75633b60-22cf-469e-88f1-33048765aae2",
                 "name": "tacos",
                 "price": 46.51,
                 "description": "Aerodynamic Granite Shirt",
                 "imageURL": "http://rubberduck.it/ASAPImages/clothing-964880_640.jpg"
                 },
                 {
                 "id": "5479c9a5-c4bf-4664-bc2a-21bb159c5c66",
                 "name": "biodiesel",
                 "price": 41.85,
                 "description": "Rustic Concrete Pants",
                 "imageURL": "http://rubberduck.it/ASAPImages/clothing-977395_640.jpg"
                 },
                 {
                 "id": "87578adb-dc57-4de0-8d6c-32fecd8f5f61",
                 "name": "mixtape",
                 "price": 81.05,
                 "description": "Small Bronze Bench",
                 "imageURL": "http://rubberduck.it/ASAPImages/clothing-998215_640.jpg"
                 },
                 {
                 "id": "97de983e-9da5-4ab2-b6bc-aa0f43516b7d",
                 "name": "authentic",
                 "price": 55,
                 "description": "Heavy Duty Linen Pants",
                 "imageURL": "http://rubberduck.it/ASAPImages/converse-932667_640.jpg"
                 },
                 {
                 "id": "909f5a8a-788b-43e6-bede-92609cdecc06",
                 "name": "helvetica",
                 "price": 76.75,
                 "description": "Synergistic Leather Chair",
                 "imageURL": "http://rubberduck.it/ASAPImages/cowboy-boots-837165_640.png"
                 },
                 {
                 "id": "7ab4ba54-2705-4545-aae7-61f7a63d585e",
                 "name": "mumblecore",
                 "price": 15.2,
                 "description": "Intelligent Concrete Clock",
                 "imageURL": "http://rubberduck.it/ASAPImages/cowboy-boots-974927_640.jpg"
                 },
                 {
                 "id": "9ef09bbe-645e-4b0b-ad8f-5d7c92f8ad93",
                 "name": "flannel",
                 "price": 32.03,
                 "description": "Lightweight Wool Wallet",
                 "imageURL": "http://rubberduck.it/ASAPImages/cowboy-boots-974928_640.jpg"
                 },
                 {
                 "id": "7197a348-4104-42d5-8311-ff63b9bdcbed",
                 "name": "squid",
                 "price": 55.09,
                 "description": "Aerodynamic Wool Shoes",
                 "imageURL": "http://rubberduck.it/ASAPImages/cravat-987584_640.jpg"
                 },
                 {
                 "id": "ccd95f94-81eb-403b-9343-0e57ac9711b5",
                 "name": "sustainable",
                 "price": 86.75,
                 "description": "Synergistic Wool Bench",
                 "imageURL": "http://rubberduck.it/ASAPImages/dresses-808321_640.jpg"
                 },
                 {
                 "id": "62e44a06-4ec1-448a-bd0e-885fff180ff0",
                 "name": "whatever",
                 "price": 56.45,
                 "description": "Awesome Concrete Bottle",
                 "imageURL": "http://rubberduck.it/ASAPImages/fashion-918446_640.jpg"
                 },
                 {
                 "id": "2f0bfc21-6652-4868-b5d9-3c9ca783154a",
                 "name": "park",
                 "price": 95.26,
                 "description": "Rustic Granite Table",
                 "imageURL": "http://rubberduck.it/ASAPImages/flip-flops-932699_640.jpg"
                 },
                 {
                 "id": "5032b719-6069-4a4f-a8dd-29ca01afe585",
                 "name": "distillery",
                 "price": 86.03,
                 "description": "Intelligent Linen Plate",
                 "imageURL": "http://rubberduck.it/ASAPImages/fly-693663_640.jpg"
                 },
                 {
                 "id": "6cff58e4-5de2-4d03-9822-897ad7219953",
                 "name": "tilde",
                 "price": 46.56,
                 "description": "Awesome Granite Plate",
                 "imageURL": "http://rubberduck.it/ASAPImages/footwear-843848_640.jpg"
                 },
                 {
                 "id": "4644e25b-4bd4-4446-b2a7-8c7317614e11",
                 "name": "pinterest",
                 "price": 52.85,
                 "description": "Sleek Linen Computer",
                 "imageURL": "http://rubberduck.it/ASAPImages/footwear-843849_640.jpg"
                 },
                 {
                 "id": "ced8fcda-159a-4cae-bd55-6979df1f15d7",
                 "name": "meditation",
                 "price": 58.49,
                 "description": "Practical Aluminum Plate",
                 "imageURL": "http://rubberduck.it/ASAPImages/footwear-843854_640.jpg"
                 },
                 {
                 "id": "0282beff-087b-4297-a733-704cbb50ab2a",
                 "name": "Yuccie",
                 "price": 49.21,
                 "description": "Incredible Cotton Gloves",
                 "imageURL": "http://rubberduck.it/ASAPImages/footwear-843857_640.jpg"
                 },
                 {
                 "id": "99501c4d-fc57-483b-a350-d8c8e32ea11a",
                 "name": "venmo",
                 "price": 19.98,
                 "description": "Incredible Steel Knife",
                 "imageURL": "http://rubberduck.it/ASAPImages/footwear-843862_640.jpg"
                 },
                 {
                 "id": "35354f46-8108-4b8d-b914-c769f35a6f31",
                 "name": "franzen",
                 "price": 0.38,
                 "description": "Ergonomic Wool Plate",
                 "imageURL": "http://rubberduck.it/ASAPImages/heels-1024399_640.jpg"
                 },
                 {
                 "id": "0efdf8b6-c81c-4e8d-9c3f-3d3bccd3beea",
                 "name": "poutine",
                 "price": 20.38,
                 "description": "Sleek Silk Hat",
                 "imageURL": "http://rubberduck.it/ASAPImages/high-heels-606321_640.jpg"
                 },
                 {
                 "id": "1f0e2513-5454-4ffe-a748-d919eda1f1f3",
                 "name": "meggings",
                 "price": 59.51,
                 "description": "Gorgeous Concrete Shoes",
                 "imageURL": "http://rubberduck.it/ASAPImages/jeans-564089_640.jpg"
                 },
                 {
                 "id": "4b9bd862-aeef-4d8e-b582-abc3ec78eba5",
                 "name": "iPhone",
                 "price": 81.46,
                 "description": "Synergistic Leather Keyboard",
                 "imageURL": "http://rubberduck.it/ASAPImages/legs-434918_640.jpg"
                 },
                 {
                 "id": "426a9eba-eeaa-494d-97a6-eebc8b3f2ad0",
                 "name": "pop-up",
                 "price": 54.18,
                 "description": "Synergistic Leather Computer",
                 "imageURL": "http://rubberduck.it/ASAPImages/mens-shoes-875950_640.jpg"
                 },
                 {
                 "id": "e504b80d-3343-4b1d-801c-e39ba81037d9",
                 "name": "park",
                 "price": 15.32,
                 "description": "Mediocre Copper Computer",
                 "imageURL": "http://rubberduck.it/ASAPImages/menswear-952835_640-2.jpg"
                 },
                 {
                 "id": "2b5777ac-3d77-47e1-a156-4f7e852cc92e",
                 "name": "narwhal",
                 "price": 12.86,
                 "description": "Lightweight Iron Plate",
                 "imageURL": "http://rubberduck.it/ASAPImages/menswear-952835_640.jpg"
                 },
                 {
                 "id": "b1ef3fd8-5ebf-411e-b848-7fe356150c72",
                 "name": "flexitarian",
                 "price": 11.47,
                 "description": "Sleek Steel Lamp",
                 "imageURL": "http://rubberduck.it/ASAPImages/necktie-987784_640.jpg"
                 },
                 {
                 "id": "1384c69b-12b5-44dc-971e-1b4c25a8c281",
                 "name": "franzen",
                 "price": 42.54,
                 "description": "Mediocre Steel Bench",
                 "imageURL": "http://rubberduck.it/ASAPImages/oktoberfest-967776_640.jpg"
                 },
                 {
                 "id": "890e1fa6-a405-4688-8d50-730941fccb8b",
                 "name": "tumblr",
                 "price": 89.28,
                 "description": "Enormous Wooden Bag",
                 "imageURL": "http://rubberduck.it/ASAPImages/pink-shoe-589193_640.jpg"
                 },
                 {
                 "id": "96d65cfb-7cb6-41c7-959f-a82f0de0e563",
                 "name": "gastropub",
                 "price": 22.61,
                 "description": "Durable Wooden Computer",
                 "imageURL": "http://rubberduck.it/ASAPImages/red-707091_640.jpg"
                 },
                 {
                 "id": "3237c77d-a048-48ab-973d-489af14ccc44",
                 "name": "banjo",
                 "price": 45.73,
                 "description": "Sleek Rubber Knife",
                 "imageURL": "http://rubberduck.it/ASAPImages/red-bow-tie-936466_640.jpg"
                 },
                 {
                 "id": "d98c679d-3c88-4e58-8965-604b43b6cc41",
                 "name": "vice",
                 "price": 97.44,
                 "description": "Intelligent Wooden Clock",
                 "imageURL": "http://rubberduck.it/ASAPImages/running-shoe-371625_640.jpg"
                 },
                 {
                 "id": "5e428fed-01c5-4238-b035-c5422307a51c",
                 "name": "etsy",
                 "price": 1.46,
                 "description": "Incredible Marble Chair",
                 "imageURL": "http://rubberduck.it/ASAPImages/sandals-587185_640.jpg"
                 },
                 {
                 "id": "3930512f-3b78-4920-9894-eb83a556689f",
                 "name": "artisan",
                 "price": 76.78,
                 "description": "Enormous Marble Hat",
                 "imageURL": "http://rubberduck.it/ASAPImages/scarves-358004_640.jpg"
                 },
                 {
                 "id": "f451bcdd-e2f2-4936-b336-f29559930aec",
                 "name": "williamsburg",
                 "price": 86.23,
                 "description": "Fantastic Iron Clock",
                 "imageURL": "http://rubberduck.it/ASAPImages/shoe-1029734_640.jpg"
                 },
                 {
                 "id": "975ac597-808d-4163-95e4-8e30f332c0dd",
                 "name": "typewriter",
                 "price": 33.62,
                 "description": "Durable Wooden Coat",
                 "imageURL": "http://rubberduck.it/ASAPImages/shoe-188986_640.jpg"
                 },
                 {
                 "id": "804ecffc-1924-4b56-94fc-2f56edf7c402",
                 "name": "pabst",
                 "price": 33.68,
                 "description": "Heavy Duty Copper Knife",
                 "imageURL": "http://rubberduck.it/ASAPImages/shoe-506826_640.jpg"
                 },
                 {
                 "id": "2ff8771d-6dec-40fb-b7b7-0e007b9d8bdd",
                 "name": "bitters",
                 "price": 84.62,
                 "description": "Mediocre Silk Lamp",
                 "imageURL": "http://rubberduck.it/ASAPImages/shoe-590516_640.jpg"
                 },
                 {
                 "id": "dfd0456c-f972-4d0e-92dd-ab3c9d1a2b5e",
                 "name": "pickled",
                 "price": 43.7,
                 "description": "Enormous Granite Pants",
                 "imageURL": "http://rubberduck.it/ASAPImages/shoe-984400_640.jpg"
                 },
                 {
                 "id": "ab2840a7-a85c-4852-92d7-6c83f29384ab",
                 "name": "everyday",
                 "price": 40.84,
                 "description": "Durable Linen Bag",
                 "imageURL": "http://rubberduck.it/ASAPImages/shoes-1014606_640.jpg"
                 },
                 {
                 "id": "d0df6321-0c33-47e7-aac3-017be6ad00b8",
                 "name": "gastropub",
                 "price": 53.73,
                 "description": "Durable Marble Clock",
                 "imageURL": "http://rubberduck.it/ASAPImages/shoes-372053_640.jpg"
                 },
                 {
                 "id": "f1698d4d-3e9a-4f56-9894-a2b25d4aaa63",
                 "name": "narwhal",
                 "price": 65.26,
                 "description": "Awesome Steel Car",
                 "imageURL": "http://rubberduck.it/ASAPImages/shoes-428629_640.jpg"
                 },
                 {
                 "id": "058b934e-c88b-4714-aace-a47768cddb1e",
                 "name": "wayfarers",
                 "price": 13.72,
                 "description": "Fantastic Cotton Coat",
                 "imageURL": "http://rubberduck.it/ASAPImages/shoes-584850_640.jpg"
                 },
                 {
                 "id": "581da84c-32ff-4f8d-81f2-29a33beb3bb7",
                 "name": "scenester",
                 "price": 43.06,
                 "description": "Enormous Concrete Car",
                 "imageURL": "http://rubberduck.it/ASAPImages/shoes-587648_640.jpg"
                 },
                 {
                 "id": "a6f80b03-b053-4ccd-9887-665c42152b25",
                 "name": "goth",
                 "price": 28.48,
                 "description": "Gorgeous Leather Bottle",
                 "imageURL": "http://rubberduck.it/ASAPImages/shoes-620762_640.jpg"
                 },
                 {
                 "id": "2be52b2c-05cf-4b3d-92ff-ad0f89d26f4a",
                 "name": "blog",
                 "price": 94.36,
                 "description": "Ergonomic Iron Table",
                 "imageURL": "http://rubberduck.it/ASAPImages/shoes-630587_1920.jpg"
                 },
                 {
                 "id": "e57cd5ac-a5bc-4c51-94b5-aa64e2506c0c",
                 "name": "seitan",
                 "price": 64.4,
                 "description": "Small Copper Knife",
                 "imageURL": "http://rubberduck.it/ASAPImages/shoes-690044_640.jpg"
                 },
                 {
                 "id": "ce9b5b3e-b55a-47ba-86a2-e0e6bbe9e157",
                 "name": "vinegar",
                 "price": 99.03,
                 "description": "Intelligent Granite Watch",
                 "imageURL": "http://rubberduck.it/ASAPImages/shoes-707861_640.jpg"
                 },
                 {
                 "id": "e73112d8-2f48-49a1-8f41-3d8f97411ac9",
                 "name": "truffaut",
                 "price": 73.59,
                 "description": "Enormous Plastic Gloves",
                 "imageURL": "http://rubberduck.it/ASAPImages/shoes-727701_640.jpg"
                 },
                 {
                 "id": "dc79b993-b84f-4195-9138-1d01a2ab64be",
                 "name": "Yuccie",
                 "price": 38.69,
                 "description": "Incredible Paper Wallet",
                 "imageURL": "http://rubberduck.it/ASAPImages/shoes-741866_640.png"
                 },
                 {
                 "id": "b142b003-a5d3-4670-9de1-a1243683a5b0",
                 "name": "irony",
                 "price": 46.34,
                 "description": "Rustic Cotton Computer",
                 "imageURL": "http://rubberduck.it/ASAPImages/shoes-744643_640.png"
                 },
                 {
                 "id": "ff559f4d-e63a-43c1-9409-c01a57e43e49",
                 "name": "echo",
                 "price": 14.01,
                 "description": "Aerodynamic Copper Clock",
                 "imageURL": "http://rubberduck.it/ASAPImages/shoes-791044_640.jpg"
                 },
                 {
                 "id": "db729f53-f522-4cc8-b0e5-df7634833b3c",
                 "name": "hella",
                 "price": 21.84,
                 "description": "Heavy Duty Leather Coat",
                 "imageURL": "http://rubberduck.it/ASAPImages/shoes-807653_640.jpg"
                 },
                 {
                 "id": "cd10562f-f5e0-46d1-b74b-de78f8431224",
                 "name": "lomo",
                 "price": 49.7,
                 "description": "Fantastic Concrete Chair",
                 "imageURL": "http://rubberduck.it/ASAPImages/shoes-825671_640.jpg"
                 },
                 {
                 "id": "38271d99-c8a8-48f6-99ec-c030f70d265e",
                 "name": "asymmetrical",
                 "price": 27.11,
                 "description": "Lightweight Rubber Plate",
                 "imageURL": "http://rubberduck.it/ASAPImages/shoes-825672_640.jpg"
                 },
                 {
                 "id": "ed43866e-545d-4f31-8b4c-0d78d944538a",
                 "name": "+1",
                 "price": 86.41,
                 "description": "Synergistic Steel Chair",
                 "imageURL": "http://rubberduck.it/ASAPImages/shoes-825674_640.jpg"
                 },
                 {
                 "id": "708ca617-71bd-4f8d-a358-15e3f58d9261",
                 "name": "cornhole",
                 "price": 17.61,
                 "description": "Incredible Plastic Coat",
                 "imageURL": "http://rubberduck.it/ASAPImages/shoes-829830_640.jpg"
                 },
                 {
                 "id": "bd1f509e-217d-4888-8c40-9014dd027754",
                 "name": "DIY",
                 "price": 38.11,
                 "description": "Rustic Linen Lamp",
                 "imageURL": "http://rubberduck.it/ASAPImages/shoes-832864_640.jpg"
                 },
                 {
                 "id": "a83dab41-0adc-4c92-a654-88aeaf68e017",
                 "name": "lomo",
                 "price": 40.2,
                 "description": "Ergonomic Plastic Table",
                 "imageURL": "http://rubberduck.it/ASAPImages/shoes-848064_640.jpg"
                 },
                 {
                 "id": "947c32ba-038f-4d49-b5ec-73f0c2c2f656",
                 "name": "dreamcatcher",
                 "price": 55.1,
                 "description": "Awesome Iron Clock",
                 "imageURL": "http://rubberduck.it/ASAPImages/shoes-918543_640.jpg"
                 },
                 {
                 "id": "de191279-172d-4f57-9095-6ce4f9406968",
                 "name": "franzen",
                 "price": 48.44,
                 "description": "Awesome Paper Plate",
                 "imageURL": "http://rubberduck.it/ASAPImages/small-change-1060010_640.jpg"
                 },
                 {
                 "id": "94044f22-f272-4aad-92d6-74ea99b42b08",
                 "name": "roof",
                 "price": 52.48,
                 "description": "Incredible Wool Computer",
                 "imageURL": "http://rubberduck.it/ASAPImages/sneaker-1024981_640.jpg"
                 },
                 {
                 "id": "18d3aaf2-e60f-413f-b3f6-a9a241c2b53c",
                 "name": "selfies",
                 "price": 27.45,
                 "description": "Rustic Silk Plate",
                 "imageURL": "http://rubberduck.it/ASAPImages/sneaker-732578_640.jpg"
                 },
                 {
                 "id": "f9b0278a-af8e-40c6-bd6a-d61a36721097",
                 "name": "waistcoat",
                 "price": 10.47,
                 "description": "Heavy Duty Marble Keyboard",
                 "imageURL": "http://rubberduck.it/ASAPImages/sneakers-904351_640.jpg"
                 },
                 {
                 "id": "7590c923-7798-49c5-9b77-ed82c295d1d7",
                 "name": "intelligentsia",
                 "price": 41.13,
                 "description": "Synergistic Concrete Car",
                 "imageURL": "http://rubberduck.it/ASAPImages/sports-shoes-115149_640.jpg"
                 },
                 {
                 "id": "77191896-d85f-4e5b-8dc9-2c83ee906449",
                 "name": "scenester",
                 "price": 48.27,
                 "description": "Synergistic Cotton Keyboard",
                 "imageURL": "http://rubberduck.it/ASAPImages/stilettos-336680_640.jpg"
                 },
                 {
                 "id": "9e8b1b4d-3c1f-44ef-b644-cfda2a34ee4c",
                 "name": "lo-fi",
                 "price": 31.55,
                 "description": "Ergonomic Rubber Plate",
                 "imageURL": "http://rubberduck.it/ASAPImages/tie-642063_640.jpg"
                 },
                 {
                 "id": "c1da9b82-bd08-4d56-b997-ff0de97bc978",
                 "name": "heirloom",
                 "price": 35.11,
                 "description": "Intelligent Granite Plate",
                 "imageURL": "http://rubberduck.it/ASAPImages/vogue-405148_640.jpg"
                 },
                 {
                 "id": "06bb68e5-a50e-446f-b481-8405a72c4f2f",
                 "name": "cred",
                 "price": 33.42,
                 "description": "Durable Paper Bottle",
                 "imageURL": "http://rubberduck.it/ASAPImages/womens-shoes-178162_640.jpg"
                 }
                 ]
}